Group Name,Size
Fabtastic Funkonaut's,21
Sloth’s United,21
"Babe, do you have my molly?",21
BuffaHOES,21
too broke for good life,21
Camp Greendale,21
Forest Fish :),21
Swamp Squad,21
Astral Adventurers,22
Cream Team 6,22
Rainbow Unicorn Farts,22
#notmycockring,22
The Degen Justice League,22
Space Goats,23
Litty T!tty Festy Committee,23
Lost + Found Forest Fairies,23
Magical Mustard Magicians,23
One Day Dipsters,23
Hot liquor and warm shrimp,23
Kayuga,23
Dr. Dre’s Dab Lab,23
ANTHONY Sayenko,23
Camp Feel My Face,24
Just Boof It,24
Feral Buellers’ Days Off,24
Dr. Rackwood & Friends,24
Behrens' Big Booty Bach,24
highly flavored,24
"Ferals, Fiends, and Firgins",24
Feral Chickens 🐓,24
Street Rat Gang,24
Squirt Squad,24
Pizza Gang,24
Samuel Gomez,24
Horsesmiths Village,24
Bills Mafia,24
Bikini Bottom B00ty Blasters,24
FestiFeet Presents: D*cksquad,25
Camp Bean Sprouts,25
Bob Squad,25
Scholastic Wook Fair,25
Space Camp,25
BCD Rave Fam,25
Cynefin,25
Camp Prison,25
Camp Get Weird,25
Alvin and the chipmunks,26
SQUAAA,26
The Floor People,26
joy aberg,26
Pashmina Spaceship,26
The Mushroom Kingdom,26
HornyHours,26
Sherwoo D’hamburger,27
Robert Wayne,27
Are you a real fan?,27
Level 9 Silly Geese,27
Outtie Slayas,27
Sexy Rave Mofos,28
Camp Rabbit Hole ,28
E4 Avenue,28
Wook Wonderland,28
The Re-Up Rascals,28
Daddy Dick’s Boof Emporium,28
Shock Flock,28
Bubble Gang,28
ICT Rave Crew EF,28
The Forest Dwellers,28
"Peace, Love and Wubs",28
Camp K-Rocked,29
"Rave Little Toasters, Part Deuce: Burnt and Buttered",29
"SL,UT CAMP",29
Camp (K)yle,29
Bubba Wump’s Horse Rescue and Sanctuary,29
Meet me at Griz,29
KosmiK Brownies,29
Dubsteppas,29
Gremtown,29
Corey’s Belly Slappers,29
YEET ME THROUGH SPACE,29
Daddy Den,29
CAMP FRAMP,30
The Painted Taint,30
THE STABLES,30
Electric Bogaloo,30
House Hooligans & the Bass Brigade,30
Disco Ducks,30
No Very Poor Avatars,30
Coochie Corral Boofs Peepy,31
Camp Hell Yeah,31
Kilos in the Jungle,31
Cooked Wooks,31
Boofa Troopas,31
Camp Weird,31
LOSTINTHEWOODSH3,31
Church Of Tracy,32
Camp Schwifty!,32
Camp Kind Neighbors,32
Roll Modelz 😎,32
Camp No Training Wheelz,32
In Crust We Trust,32
The Dancing Lobsters,32
BBB,33
Camp Wookery,33
P$$y Suckaz,33
Cabbage Corp.,33
Mommy Milkers,33
Biscuits and Ravey,33
Employees of the Month,33
Duck Squad,34
Hot n' Heady,34
Womp Rats,34
Boofy Goobers,34
The Tab Lab,34
Wooky Wonka and the Crackhead Factory,34
William York,34
Ethically Sourced Sluts,34
Deems Kingdom,34
CAMP SIDEBOOB,35
Camp Baby Kyle,35
Camp Build A Wook,35
The Nest,36
Wook Wash,36
Camp Wurder,36
Peacewaves,36
Electric Pissers,36
Sauce Squad,36
Cheeky Squeaky Squad,37
Boneless Brother,37
What Are You Doing Stepladder?,37
Big Daddy Purp and the Twerps,37
Camp Boofs 'n Cats,37
Bojack does the Electric Slide,37
The Boofenshmirtz’s,37
The Marvelous Misfits,37
wick digglers llc,38
The Boof Cottage,38
Kamp Kazoo,38
FraggleKroc,38
Moon Jellies,38
nature wh*res,39
Vibe Check,39
Drury Lane,39
The Hug House,40
BOOF WELLINGTON,40
Camp Tittysprinkles,40
Camp Whippet Out,41
Camp Nosbulla,41
"Dude, where's my Chris?",41
Boomin n' Goofin,41
CAMP VIBE TRIBE,41
Fun In The Sun,41
K is for Koala,41
Chain Gang,42
Camp Milk,42
Good Life Rejects,43
AVOSQUADO,43
Camp Slap the Bag,43
The K-yoshi Warriors of Boof Sing Bae,44
Ride the Pony,44
Tortugas,45
Flamingos in the Forest,46
Grilled Cheese and B!tches,46
Fabulous Flock of the Forest,46
Camp Magic Conch,47
WE OUT HERE!,47
Kevin Quillen,47
Nicholas Pogrebneak,47
PeRF in the Mush-Room,47
Camp Electrip - Year 5!,48
Camp Pandamonium,48
Camp Kampington,48
Camp: Somebody Pick A F*cking Name,48
Products of D.A.R.E.,48
I smell Socks & Kandi,49
Giggles N Jiggles,49
Midlife Hypeness,49
Rave Boys and Girls Scouts of Rothbury,49
Camp Cern Derg,49
NOEL'S ASS,50
Gangsta's Paradise,50
Mt. Ketaminjaro,51
Electric Sofa,52
Colorado Love Company,52
Camp House Plant,53
GOOD VIBE TRIBE,53
Camp Sup Sau,55
The Neigh Brigade,56
the entire bee movie script,56
Keta Kweens and Lentil Beans,58
Get Your Sh!t Together,60
WubbaLubbaDubz Club,62
Sesame Skeeet,64
Sproutin’ About,65
Cabbage Pash Kids,65
Ghosts of Serotonin’s Past,66
KETAMINE KOWGURLS,67
flAMIGOS,69
Wookakke,70
Lunchbox Fam,71
F@#$ YOU I'M A WIZARD,74
FACEMELT FAM,76
EternalVibeTribe,76
The Shadow People,77
Bippity Boppity Boof,78
CAMP TRASH PANDA,78
Yeet Street,80
Banana Bois b2b Chedda Mommas,83
Bufus Du Roll,101
My Friends Never Die,131